{"cameraMode":{"drawMode":0,"name":"Shaded","section":"Shading Mode"},"sceneLighting":true,"audioPlay":false,"sceneViewState":{"showFog":true,"showMaterialUpdate":false,"showSkybox":true,"showFlares":true,"showImageEffects":true,"showParticleSystems":true},"in2DMode":false,"pivot":{"x":17.40999984741211,"y":0.5,"z":18.93600082397461},"rotation":{"x":0.3712952435016632,"y":-0.0013954058522358537,"z":0.0005478053353726864,"w":0.928531289100647},"size":6.457885265350342,"orthographic":false}