{"cameraMode":{"drawMode":0,"name":"Shaded","section":"Shading Mode"},"sceneLighting":true,"audioPlay":false,"sceneViewState":{"showFog":true,"showMaterialUpdate":false,"showSkybox":true,"showFlares":true,"showImageEffects":true,"showParticleSystems":true},"in2DMode":false,"pivot":{"x":16.70049285888672,"y":-0.9919241070747376,"z":20.949533462524415},"rotation":{"x":-0.35428881645202639,"y":-0.03452958166599274,"z":0.01301408652216196,"w":-0.93443763256073},"size":11.793914794921875,"orthographic":false}